[{"id":1,"first_name":"Veronike","last_name":"Hedlestone","email":"vhedlestone0@yahoo.com","phone":"646 840 6779","address":"7055 Hoard Lane"},
{"id":2,"first_name":"Sarine","last_name":"Wylam","email":"swylam1@ustream.tv","phone":"732 406 2919","address":"45246 Eagan Parkway"},
{"id":3,"first_name":"Dante","last_name":"Alphonso","email":"dalphonso2@skyrock.com","phone":"836 923 1728","address":"35 Kingsford Terrace"},
{"id":4,"first_name":"Lance","last_name":"Goodenough","email":"lgoodenough3@theglobeandmail.com","phone":"829 438 5314","address":"8 Weeping Birch Trail","tapes":[{"id":87,"borrow_date":"2017-04-23","return_date":"2017-07-22"},{"id":849,"borrow_date":"2016-08-01","return_date":null}]},
{"id":5,"first_name":"Celisse","last_name":"Sire","email":"csire4@a8.net","phone":"237 113 3930","address":"0158 Main Terrace"},
{"id":6,"first_name":"Will","last_name":"Eidelman","email":"weidelman5@fotki.com","phone":"218 478 4440","address":"480 Mccormick Point"},
{"id":7,"first_name":"Thebault","last_name":"Mullaney","email":"tmullaney6@comcast.net","phone":"584 908 8126","address":"3 Kedzie Trail","tapes":[{"id":399,"borrow_date":"2016-05-24","return_date":"2016-06-03"}]},
{"id":8,"first_name":"Hortense","last_name":"Oppy","email":"hoppy7@biblegateway.com","phone":"100 113 6195","address":"65091 Stone Corner Hill"},
{"id":9,"first_name":"Esmeralda","last_name":"Grattage","email":"egrattage8@nhs.uk","phone":"108 730 7149","address":"8 Roxbury Hill"},
{"id":10,"first_name":"Brigitta","last_name":"Heibel","email":"bheibel9@jugem.jp","phone":"957 858 3104","address":"95054 Chinook Plaza"},
{"id":11,"first_name":"Allyn","last_name":"Overel","email":"aoverela@europa.eu","phone":"919 408 4791","address":"35347 Di Loreto Circle","tapes":[{"id":936,"borrow_date":"2017-10-16","return_date":null},{"id":361,"borrow_date":"2016-03-24","return_date":null},{"id":3,"borrow_date":"2015-09-12","return_date":"2015-11-08"}]},
{"id":12,"first_name":"Ethelyn","last_name":"Jonson","email":"ejonsonb@studiopress.com","phone":"565 701 6306","address":"88 Vernon Circle","tapes":[{"id":230,"borrow_date":"2017-05-18","return_date":"2017-08-10"}]},
{"id":13,"first_name":"Amii","last_name":"Dahlback","email":"adahlbackc@wix.com","phone":"496 428 9154","address":"66 Dorton Junction"},
{"id":14,"first_name":"Kamila","last_name":"Grafton","email":"kgraftond@networkadvertising.org","phone":"209 888 5747","address":"7 Fordem Court"},
{"id":15,"first_name":"Garrek","last_name":"Mewrcik","email":"gmewrcike@eventbrite.com","phone":"184 965 7870","address":"97 Kinsman Point","tapes":[{"id":614,"borrow_date":"2018-05-25","return_date":"2018-06-29"},{"id":132,"borrow_date":"2018-04-13","return_date":null}]},
{"id":16,"first_name":"Leonelle","last_name":"Oxbrow","email":"loxbrowf@eventbrite.com","phone":"356 770 1506","address":"90173 Lawn Court"},
{"id":17,"first_name":"Alicia","last_name":"Jancic","email":"ajancicg@meetup.com","phone":"137 191 2147","address":"7718 Eastlawn Avenue"},
{"id":18,"first_name":"Nyssa","last_name":"Tunnacliffe","email":"ntunnacliffeh@google.cn","phone":"482 213 9484","address":"1 Anniversary Alley"},
{"id":19,"first_name":"Winnifred","last_name":"Bidwell","email":"wbidwelli@amazon.co.uk","phone":"654 778 6456","address":"96102 Susan Road"},
{"id":20,"first_name":"Ezri","last_name":"Belding","email":"ebeldingj@blogspot.com","phone":"992 566 7897","address":"13003 Hallows Terrace"},
{"id":21,"first_name":"Valli","last_name":"Humphris","email":"vhumphrisk@skyrock.com","phone":"241 447 1989","address":"62870 Ludington Center"},
{"id":22,"first_name":"Debi","last_name":"Derycot","email":"dderycotl@creativecommons.org","phone":"152 981 5120","address":"39339 Dorton Avenue"},
{"id":23,"first_name":"Bartolomeo","last_name":"Ferryn","email":"bferrynm@homestead.com","phone":"935 957 1051","address":"2 Steensland Trail"},
{"id":24,"first_name":"Oralla","last_name":"Doe","email":"odoen@mediafire.com","phone":"123 974 8478","address":"657 Chinook Terrace","tapes":[{"id":886,"borrow_date":"2017-04-10","return_date":"2017-06-09"},{"id":563,"borrow_date":"2017-01-10","return_date":"2017-04-06"},{"id":620,"borrow_date":"2018-06-21","return_date":"2018-06-22"}]},
{"id":25,"first_name":"Reed","last_name":"Brownsell","email":"rbrownsello@icq.com","phone":"398 812 6676","address":"22 Welch Parkway"},
{"id":26,"first_name":"Ashton","last_name":"Smartman","email":"asmartmanp@patch.com","phone":"983 388 6144","address":"2 School Plaza"},
{"id":27,"first_name":"Merle","last_name":"Orange","email":"morangeq@tmall.com","phone":"690 764 7509","address":"12000 Burning Wood Place"},
{"id":28,"first_name":"Ode","last_name":"Brimson","email":"obrimsonr@cnbc.com","phone":"113 301 7827","address":"18 Sundown Terrace"},
{"id":29,"first_name":"Danna","last_name":"Panichelli","email":"dpanichellis@sogou.com","phone":"822 427 3554","address":"6 Merry Lane"},
{"id":30,"first_name":"Ferguson","last_name":"Durnin","email":"fdurnint@hp.com","phone":"997 177 9909","address":"93 Shelley Lane"},
{"id":31,"first_name":"Chelsie","last_name":"Rhymes","email":"crhymesu@dailymail.co.uk","phone":"690 854 3692","address":"74 Ilene Alley"},
{"id":32,"first_name":"Keelby","last_name":"Domenge","email":"kdomengev@youtu.be","phone":"172 812 1636","address":"81981 5th Alley"},
{"id":33,"first_name":"Bryanty","last_name":"Kirman","email":"bkirmanw@yale.edu","phone":"341 262 6679","address":"8 American Ash Street"},
{"id":34,"first_name":"Elisabeth","last_name":"Simononsky","email":"esimononskyx@google.cn","phone":"386 709 7069","address":"6 Farragut Park"},
{"id":35,"first_name":"Cathyleen","last_name":"Maplethorp","email":"cmaplethorpy@oaic.gov.au","phone":"179 540 6366","address":"89165 Chive Circle","tapes":[{"id":543,"borrow_date":"2016-01-24","return_date":"2016-03-22"},{"id":375,"borrow_date":"2016-01-03","return_date":"2016-04-22"},{"id":218,"borrow_date":"2017-09-06","return_date":"2017-10-08"}]},
{"id":36,"first_name":"Gerri","last_name":"Shavel","email":"gshavelz@tmall.com","phone":"921 623 9788","address":"405 Hazelcrest Drive"},
{"id":37,"first_name":"Miof mela","last_name":"Christall","email":"mchristall10@businessinsider.com","phone":"506 688 8272","address":"1480 Farmco Lane"},
{"id":38,"first_name":"Timmi","last_name":"McKechnie","email":"tmckechnie11@latimes.com","phone":"505 301 6281","address":"61 Buhler Street"},
{"id":39,"first_name":"Garvey","last_name":"Duding","email":"gduding12@nps.gov","phone":"196 220 5766","address":"02 Mcbride Road"},
{"id":40,"first_name":"Devy","last_name":"Iannuzzelli","email":"diannuzzelli13@flickr.com","phone":"467 789 6577","address":"06 Anzinger Point"},
{"id":41,"first_name":"Johannes","last_name":"Rawcliff","email":"jrawcliff14@stumbleupon.com","phone":"194 122 8996","address":"38415 Dahle Court"},
{"id":42,"first_name":"Bridget","last_name":"Leyshon","email":"bleyshon15@altervista.org","phone":"738 366 6187","address":"21 Del Sol Road"},
{"id":43,"first_name":"Daria","last_name":"Estoile","email":"destoile16@fc2.com","phone":"154 289 3558","address":"58 American Ash Court"},
{"id":44,"first_name":"Ezequiel","last_name":"Samsin","email":"esamsin17@cmu.edu","phone":"559 488 5730","address":"99 Spenser Circle","tapes":[{"id":453,"borrow_date":"2018-05-27","return_date":"2018-08-15"},{"id":690,"borrow_date":"2018-02-04","return_date":null}]},
{"id":45,"first_name":"Sybyl","last_name":"Caile","email":"scaile18@vkontakte.ru","phone":"316 442 3496","address":"0 Quincy Park"},
{"id":46,"first_name":"Lauritz","last_name":"Baddow","email":"lbaddow19@bluehost.com","phone":"672 844 3130","address":"00186 Bayside Pass"},
{"id":47,"first_name":"Gene","last_name":"Heinsh","email":"gheinsh1a@amazon.co.uk","phone":"389 345 6501","address":"0669 Schmedeman Street","tapes":[{"id":932,"borrow_date":"2018-05-14","return_date":"2018-06-14"},{"id":648,"borrow_date":"2017-01-11","return_date":null}]},
{"id":48,"first_name":"Ramsay","last_name":"Eke","email":"reke1b@jimdo.com","phone":"264 694 7071","address":"6488 Waxwing Way"},
{"id":49,"first_name":"Bamby","last_name":"Pawley","email":"bpawley1c@ucoz.com","phone":"277 611 3001","address":"284 Transport Circle"},
{"id":50,"first_name":"Jayson","last_name":"McDyer","email":"jmcdyer1d@cisco.com","phone":"491 769 9340","address":"25970 Carioca Parkway","tapes":[{"id":139,"borrow_date":"2017-02-02","return_date":null}]},
{"id":51,"first_name":"Elwyn","last_name":"Corragan","email":"ecorragan1e@fc2.com","phone":"408 810 0457","address":"9 Scott Crossing"},
{"id":52,"first_name":"Shelbi","last_name":"Miklem","email":"smiklem1f@harvard.edu","phone":"759 310 8634","address":"32787 Messerschmidt Road"},
{"id":53,"first_name":"Grove","last_name":"Crighton","email":"gcrighton1g@smh.com.au","phone":"683 661 3909","address":"7284 Grim Alley"},
{"id":54,"first_name":"Spense","last_name":"Heaysman","email":"sheaysman1h@symantec.com","phone":"250 810 0328","address":"1 Corry Street"},
{"id":55,"first_name":"Rosina","last_name":"Rattray","email":"rrattray1i@so-net.ne.jp","phone":"137 675 7674","address":"3153 South Pass"},
{"id":56,"first_name":"Bear","last_name":"Maypole","email":"bmaypole1j@nsw.gov.au","phone":"727 599 8720","address":"30395 Rutledge Junction","tapes":[{"id":462,"borrow_date":"2018-03-11","return_date":"2018-06-25"},{"id":299,"borrow_date":"2015-12-30","return_date":"2016-04-06"},{"id":318,"borrow_date":"2018-08-21","return_date":"2018-10-13"}]},
{"id":57,"first_name":"Augustina","last_name":"Rapier","email":"arapier1k@go.com","phone":"933 252 9553","address":"7 Tomscot Hill"},
{"id":58,"first_name":"Ignazio","last_name":"Verlinde","email":"iverlinde1l@meetup.com","phone":"403 613 4515","address":"7588 Pine View Trail"},
{"id":59,"first_name":"Zahara","last_name":"Matyushenko","email":"zmatyushenko1m@nsw.gov.au","phone":"731 694 6792","address":"882 Anhalt Avenue"},
{"id":60,"first_name":"Betty","last_name":"Mardell","email":"bmardell1n@over-blog.com","phone":"999 939 6447","address":"03002 Esch Center"},
{"id":61,"first_name":"Shannon","last_name":"Foddy","email":"sfoddy1o@sun.com","phone":"992 373 8389","address":"50766 Ridge Oak Alley"},
{"id":62,"first_name":"Erna","last_name":"Isaacs","email":"eisaacs1p@squarespace.com","phone":"961 460 0328","address":"1847 Cody Street","tapes":[{"id":711,"borrow_date":"2016-06-06","return_date":"2016-07-28"}]},
{"id":63,"first_name":"Paolina","last_name":"Menichillo","email":"pmenichillo1q@census.gov","phone":"158 485 6264","address":"252 Pine View Park","tapes":[{"id":798,"borrow_date":"2016-07-19","return_date":"2016-09-30"},{"id":620,"borrow_date":"2018-03-02","return_date":null}]},
{"id":64,"first_name":"Gail","last_name":"Blaker","email":"gblaker1r@mysql.com","phone":"581 625 7809","address":"1 Lien Drive","tapes":[{"id":588,"borrow_date":"2016-04-09","return_date":null},{"id":424,"borrow_date":"2017-10-18","return_date":"2017-10-27"}]},
{"id":65,"first_name":"Oby","last_name":"MacGillivrie","email":"omacgillivrie1s@addtoany.com","phone":"999 558 1654","address":"1831 Gerald Pass","tapes":[{"id":468,"borrow_date":"2017-09-23","return_date":"2017-10-31"}]},
{"id":66,"first_name":"Nichole","last_name":"Romney","email":"nromney1t@yahoo.co.jp","phone":"549 626 7889","address":"88 Bunting Place"},
{"id":67,"first_name":"Olly","last_name":"Zollner","email":"ozollner1u@marketwatch.com","phone":"618 740 9165","address":"58467 North Circle"},
{"id":68,"first_name":"Alison","last_name":"Dunnet","email":"adunnet1v@microsoft.com","phone":"469 711 7439","address":"5520 Cottonwood Terrace"},
{"id":69,"first_name":"Bat","last_name":"Fey","email":"bfey1w@qq.com","phone":"196 548 7447","address":"3 Ilene Park"},
{"id":70,"first_name":"Cherlyn","last_name":"Sives","email":"csives1x@buzzfeed.com","phone":"156 136 8643","address":"81 Oriole Center"},
{"id":71,"first_name":"Gard","last_name":"Gatrell","email":"ggatrell1y@edublogs.org","phone":"476 527 7645","address":"04054 Basil Court"},
{"id":72,"first_name":"Christiane","last_name":"True","email":"ctrue1z@flickr.com","phone":"707 405 4658","address":"28 Kedzie Place"},
{"id":73,"first_name":"Lance","last_name":"Cheer","email":"lcheer20@chron.com","phone":"447 529 6589","address":"99345 Schlimgen Crossing","tapes":[{"id":826,"borrow_date":"2016-07-02","return_date":"2016-09-14"}]},
{"id":74,"first_name":"Abbot","last_name":"Somner","email":"asomner21@census.gov","phone":"964 238 1617","address":"490 Muir Junction"},
{"id":75,"first_name":"Fancie","last_name":"Duthy","email":"fduthy22@wikimedia.org","phone":"459 286 2573","address":"151 Warrior Road"},
{"id":76,"first_name":"Idalia","last_name":"Teaz","email":"iteaz23@uol.com.br","phone":"476 298 9989","address":"86049 Roxbury Pass","tapes":[{"id":299,"borrow_date":"2018-02-19","return_date":"2018-03-27"},{"id":999,"borrow_date":"2016-12-19","return_date":"2017-01-03"}]},
{"id":77,"first_name":"Walton","last_name":"De Lacey","email":"wdelacey24@sina.com.cn","phone":"602 118 9141","address":"46 Summerview Point","tapes":[{"id":594,"borrow_date":"2018-04-27","return_date":null},{"id":641,"borrow_date":"2018-01-31","return_date":null}]},
{"id":78,"first_name":"Ruby","last_name":"Vynarde","email":"rvynarde25@godaddy.com","phone":"715 427 4028","address":"65 Holy Cross Street"},
{"id":79,"first_name":"Adelaide","last_name":"Heeps","email":"aheeps26@chicagotribune.com","phone":"766 484 4657","address":"1 Golf Road"},
{"id":80,"first_name":"Henri","last_name":"Smalls","email":"hsmalls27@chronoengine.com","phone":"623 293 5678","address":"0 Kim Lane"},
{"id":81,"first_name":"Aaron","last_name":"Larder","email":"alarder28@google.com.hk","phone":"270 237 5562","address":"33657 Drewry Crossing","tapes":[{"id":564,"borrow_date":"2016-11-30","return_date":"2017-02-28"},{"id":843,"borrow_date":"2016-01-18","return_date":null},{"id":963,"borrow_date":"2017-07-10","return_date":null}]},
{"id":82,"first_name":"Noel","last_name":"Philippart","email":"nphilippart29@mit.edu","phone":"744 220 3775","address":"31842 Gateway Trail","tapes":[{"id":101,"borrow_date":"2015-09-24","return_date":"2015-10-16"}]},
{"id":83,"first_name":"Yolande","last_name":"Horsted","email":"yhorsted2a@last.fm","phone":"396 965 8274","address":"5516 Mifflin Way"},
{"id":84,"first_name":"Kendell","last_name":"Rowe","email":"krowe2b@spotify.com","phone":"478 290 8151","address":"49 Dixon Terrace"},
{"id":85,"first_name":"Brooke","last_name":"O'Curran","email":"bocurran2c@cdc.gov","phone":"209 518 5050","address":"35 Larry Drive"},
{"id":86,"first_name":"Sim","last_name":"O'Boyle","email":"soboyle2d@rediff.com","phone":"215 723 4247","address":"3472 Scoville Alley"},
{"id":87,"first_name":"Jania","last_name":"Offa","email":"joffa2e@webnode.com","phone":"225 288 8043","address":"50098 Meadow Valley Street"},
{"id":88,"first_name":"Gwyneth","last_name":"Prince","email":"gprince2f@trellian.com","phone":"382 757 5169","address":"918 Gateway Street"},
{"id":89,"first_name":"Arnie","last_name":"Krysiak","email":"akrysiak2g@oracle.com","phone":"898 786 3988","address":"3 Valley Edge Crossing","tapes":[{"id":838,"borrow_date":"2017-01-03","return_date":"2017-04-14"},{"id":686,"borrow_date":"2017-10-19","return_date":"2018-02-07"}]},
{"id":90,"first_name":"Fabio","last_name":"Ector","email":"fector2h@addthis.com","phone":"586 819 8823","address":"6 Havey Lane"},
{"id":91,"first_name":"Dominic","last_name":"MacClinton","email":"dmacclinton2i@t.co","phone":"918 990 5236","address":"17 Memorial Trail"},
{"id":92,"first_name":"Doy","last_name":"Blankman","email":"dblankman2j@discuz.net","phone":"754 928 7520","address":"62 Coolidge Way"},
{"id":93,"first_name":"Lillian","last_name":"Gregor","email":"lgregor2k@dot.gov","phone":"416 356 0735","address":"0348 Doe Crossing Court","tapes":[{"id":931,"borrow_date":"2016-01-17","return_date":null}]},
{"id":94,"first_name":"Alistair","last_name":"Gibbieson","email":"agibbieson2l@barnesandnoble.com","phone":"788 955 6124","address":"371 Melrose Court"},
{"id":95,"first_name":"Eli","last_name":"Tregien","email":"etregien2m@eepurl.com","phone":"590 963 3792","address":"76 Dakota Circle"},
{"id":96,"first_name":"Celia","last_name":"Benardet","email":"cbenardet2n@creativecommons.org","phone":"810 917 4781","address":"54856 Oakridge Place"},
{"id":97,"first_name":"Karolina","last_name":"Coggill","email":"kcoggill2o@storify.com","phone":"550 425 9322","address":"933 Westerfield Place"},
{"id":98,"first_name":"Lou","last_name":"Gaddas","email":"lgaddas2p@oaic.gov.au","phone":"977 749 7399","address":"4794 Sherman Crossing"},
{"id":99,"first_name":"Hyacintha","last_name":"Meneer","email":"hmeneer2q@illinois.edu","phone":"659 512 9430","address":"2244 Sunnyside Circle"},
{"id":100,"first_name":"Shadow","last_name":"Duligal","email":"sduligal2r@wsj.com","phone":"209 304 3189","address":"679 Village Green Terrace"}]